{"src/app/forms/browser.php":{"_objects":{"browser":{"id":"browser","type":"ide\\formats\\form\\elements\\WebViewFormElement","version":0,"data":[]},"edit":{"id":"edit","type":"ide\\formats\\form\\elements\\TextFieldFormElement","version":0,"data":[]},"button":{"id":"button","type":"ide\\formats\\form\\elements\\FlatButtonFormElement","version":0,"data":[]},"buttonAlt":{"id":"buttonAlt","type":"ide\\formats\\form\\elements\\FlatButtonFormElement","version":0,"data":[]}}},"src/app/forms/cmd.php":{"_objects":{"edit":{"id":"edit","type":"ide\\formats\\form\\elements\\TextFieldFormElement","version":0,"data":[]}}},"src/app/forms/createfiles.php":{"_objects":[]},"src/app/forms/downloadfiles.php":{"_objects":{"button":{"id":"button","type":"ide\\formats\\form\\elements\\ButtonFormElement","version":0,"data":[]},"edit":{"id":"edit","type":"ide\\formats\\form\\elements\\TextFieldFormElement","version":0,"data":[]},"progressBar":{"id":"progressBar","type":"ide\\formats\\form\\elements\\ProgressBarFormElement","version":0,"data":[]},"buttonAlt":{"id":"buttonAlt","type":"ide\\formats\\form\\elements\\ButtonFormElement","version":0,"data":[]}}},"src/app/forms/edge.php":{"_objects":[]},"src/app/forms/mainform.php":{"_objects":{"button":{"id":"button","type":"ide\\formats\\form\\elements\\ButtonFormElement","version":0,"data":[]},"buttonAlt":{"id":"buttonAlt","type":"ide\\formats\\form\\elements\\ButtonFormElement","version":0,"data":[]},"button5":{"id":"button5","type":"ide\\formats\\form\\elements\\ButtonFormElement","version":0,"data":[]},"button7":{"id":"button7","type":"ide\\formats\\form\\elements\\ButtonFormElement","version":0,"data":[]},"button4":{"id":"button4","type":"ide\\formats\\form\\elements\\ButtonFormElement","version":0,"data":[]},"label":{"id":"label","type":"ide\\formats\\form\\elements\\LabelFormElement","version":0,"data":[]},"button6":{"id":"button6","type":"ide\\formats\\form\\elements\\ButtonFormElement","version":0,"data":[]},"button8":{"id":"button8","type":"ide\\formats\\form\\elements\\ButtonFormElement","version":0,"data":[]}}},"src/app/forms/mainform2.php":{"_objects":{"label":{"id":"label","type":"ide\\formats\\form\\elements\\LabelFormElement","version":0,"data":[]},"button":{"id":"button","type":"ide\\formats\\form\\elements\\ButtonFormElement","version":0,"data":[]},"buttonAlt":{"id":"buttonAlt","type":"ide\\formats\\form\\elements\\ButtonFormElement","version":0,"data":[]},"button3":{"id":"button3","type":"ide\\formats\\form\\elements\\ButtonFormElement","version":0,"data":[]},"button4":{"id":"button4","type":"ide\\formats\\form\\elements\\ButtonFormElement","version":0,"data":[]},"button5":{"id":"button5","type":"ide\\formats\\form\\elements\\ButtonFormElement","version":0,"data":[]},"button6":{"id":"button6","type":"ide\\formats\\form\\elements\\ButtonFormElement","version":0,"data":[]}}},"src/app/forms/openfiles.php":{"_objects":{"button":{"id":"button","type":"ide\\formats\\form\\elements\\ButtonFormElement","version":0,"data":[]}}},"src/app/forms/pcinfo.php":{"_objects":{"textArea":{"id":"textArea","type":"ide\\formats\\form\\elements\\TextAreaFormElement","version":0,"data":[]}}},"src/app/forms/planirovshik.php":{"_objects":{"textArea":{"id":"textArea","type":"ide\\formats\\form\\elements\\TextAreaFormElement","version":0,"data":[]}}},"src/app/forms/startup.php":{"_objects":{"textArea":{"id":"textArea","type":"ide\\formats\\form\\elements\\TextAreaFormElement","version":0,"data":[]},"edit":{"id":"edit","type":"ide\\formats\\form\\elements\\TextFieldFormElement","version":0,"data":[]}}},"src/app/forms/taskmgr.php":{"_objects":{"textArea":{"id":"textArea","type":"ide\\formats\\form\\elements\\TextAreaFormElement","version":0,"data":[]},"edit":{"id":"edit","type":"ide\\formats\\form\\elements\\TextFieldFormElement","version":0,"data":[]}}},"src/app/forms/zip.php":{"_objects":{"button":{"id":"button","type":"ide\\formats\\form\\elements\\ButtonFormElement","version":0,"data":[]},"edit":{"id":"edit","type":"ide\\formats\\form\\elements\\TextFieldFormElement","version":0,"data":[]}}},"src/app/modules/appmodule.php":{"_objects":[]},"src/app/modules/mainmodule.php":{"_objects":{"jdownloader":{"id":"jdownloader","type":"develnext\\bundle\\jurl\\components\\jURLDownloaderComponent"}}},"src/app/modules/newmodule.php":{"_objects":{"fileChooser":{"id":"fileChooser","type":"ide\\scripts\\elements\\FileChooserScriptComponent"}}},"src/app/modules/newmodule2.php":{"_objects":[]},"src/app/modules/openfiles.php":{"_objects":{"fileChooser":{"id":"fileChooser","type":"ide\\scripts\\elements\\FileChooserScriptComponent"}}}}